Fish ID,Fish Name,Rarity,Habitat
1,Static Stingray Prime,Rare,Corporate Canals
2,Venom Dragonfish VX,Legendary,Flooded Metro
3,Drift Eel Omega,Common,Frozen Docks
4,Obsidian Swordfish Delta,Rare,Frozen Docks
5,Cyber Leviathan Specter,Rare,Neon Harbor
6,Crystal Seahorse Ultra,Rare,Frozen Docks
7,Plasma Pike MK-II,Epic,Frozen Docks
8,Storm Eel VX,Epic,Deep Abyss
9,Static Squid Delta,Epic,Corporate Canals
10,Quantum Bass Core,Rare,Deep Abyss
11,Static Shark Core,Common,Frozen Docks
12,Venom Crawler Zero,Epic,Corporate Canals
13,Scarlet Skipper Ion,Epic,Skywater Reservoir
14,Vapor Ray Ion,Common,Skywater Reservoir
15,Glitch Snapper Core,Epic,Deep Abyss
16,Scarlet Swordfish MK-II,Legendary,Skywater Reservoir
17,Static Koi Omega,Common,Flooded Metro
18,Grim Leviathan Cipher,Rare,Corporate Canals
19,Solar Swordfish Vortex,Epic,Skywater Reservoir
20,Vapor Bass Zero,Common,Flooded Metro
21,Echo Seahorse Delta,Epic,Flooded Metro
22,Cyber Jelly Echo,Uncommon,Skywater Reservoir
23,Crystal Squid Specter,Uncommon,Deep Abyss
24,Storm Squid Zero,Common,Corporate Canals
25,Chrome Barracuda Protocol,Uncommon,Skywater Reservoir
26,Titan Seahorse MK-I,Legendary,Corporate Canals
27,Abyss Carp Cipher,Rare,Flooded Metro
28,Lunar Shark Prime,Uncommon,Blackwater Trenches
29,Plasma Minnow Protocol,Rare,Skywater Reservoir
30,Lunar Piranha X,Epic,Neon Harbor
31,Pulse Stingray Flux,Common,Blackwater Trenches
32,Venom Kraken Omega,Uncommon,Skywater Reservoir
33,Venom Ray Pulse,Common,Flooded Metro
34,Lunar Eel Vortex,Common,Corporate Canals
35,Circuit Piranha VX,Rare,Deep Abyss
36,Storm Marlin Vortex,Rare,Toxic Reefs
37,Cyber Barracuda Protocol,Legendary,Flooded Metro
38,Grim Carp Flux,Legendary,Skywater Reservoir
39,Obsidian Pike Specter,Uncommon,Toxic Reefs
40,Static Ray MK-I,Legendary,Deep Abyss
41,Abyss Koi X,Epic,Corporate Canals
42,Abyss Stingray Echo,Uncommon,Flooded Metro
43,Lunar Catfish VX,Legendary,Frozen Docks
44,Solar Snapper Cipher,Legendary,Neon Harbor
45,Hydra Stingray Omega,Legendary,Toxic Reefs
46,Neon Squid Omega,Common,Blackwater Trenches
47,Cyber Ray Ultra,Common,Frozen Docks
48,Venom Manta Vortex,Rare,Frozen Docks
49,Scarlet Piranha X,Epic,Neon Harbor
50,Glitch Seahorse Delta,Epic,Blackwater Trenches
51,Radiant Skipper MK-I,Legendary,Skywater Reservoir
52,Nova Whale Zero,Common,Frozen Docks
53,Scarlet Crawler Prime,Rare,Deep Abyss
54,Hydra Snapper Protocol,Uncommon,Toxic Reefs
55,Storm Salmon Pulse,Uncommon,Toxic Reefs
56,Radiant Whale MK-II,Uncommon,Frozen Docks
57,Vapor Catfish Core,Uncommon,Neon Harbor
58,Storm Guppy Protocol,Epic,Flooded Metro
59,Quantum Manta Specter,Rare,Blackwater Trenches
60,Titan Ray Core,Rare,Blackwater Trenches
61,Obsidian Swordfish Vortex,Rare,Flooded Metro
62,Plasma Tuna Cipher,Rare,Toxic Reefs
63,Turbo Crawler Cipher,Uncommon,Flooded Metro
64,Nano Crawler Reactor,Uncommon,Corporate Canals
65,Glitch Whale Ultra,Common,Frozen Docks
66,Crystal Kraken MK-I,Legendary,Deep Abyss
67,Cyber Snapper Echo,Common,Deep Abyss
68,Vapor Piranha Ion,Common,Flooded Metro
69,Static Perch X,Legendary,Deep Abyss
70,Static Koi Echo,Uncommon,Deep Abyss
71,Quantum Snapper Ion,Uncommon,Toxic Reefs
72,Turbo Pike Specter,Rare,Flooded Metro
73,Static Snapper Omega,Epic,Deep Abyss
74,Solar Minnow Protocol,Epic,Corporate Canals
75,Holo Seahorse Prime,Legendary,Toxic Reefs
76,Ghost Catfish Delta,Legendary,Neon Harbor
77,Radiant Manta Ion,Legendary,Frozen Docks
78,Nano Pike Delta,Epic,Neon Harbor
79,Scarlet Skipper Flux,Epic,Skywater Reservoir
80,Nova Salmon Specter,Common,Deep Abyss
81,Venom Marlin Zero,Uncommon,Neon Harbor
82,Neon Leviathan Echo,Legendary,Frozen Docks
83,Quantum Swordfish Pulse,Legendary,Toxic Reefs
84,Grim Leviathan Ultra,Common,Deep Abyss
85,Cyber Perch Protocol,Uncommon,Blackwater Trenches
86,Radiant Eel X,Uncommon,Flooded Metro
87,Solar Tuna X,Uncommon,Blackwater Trenches
88,Nano Seahorse Pulse,Epic,Toxic Reefs
89,Nova Dragonfish Omega,Epic,Flooded Metro
90,Drift Koi Core,Epic,Toxic Reefs
91,Glitch Marlin Ultra,Uncommon,Toxic Reefs
92,Pulse Minnow Ultra,Common,Flooded Metro
93,Ghost Guppy Specter,Epic,Neon Harbor
94,Titan Guppy Nova,Epic,Deep Abyss
95,Chrome Minnow Omega,Legendary,Toxic Reefs
96,Crystal Jelly Reactor,Uncommon,Deep Abyss
97,Crystal Koi MK-II,Rare,Flooded Metro
98,Cyber Pike Cipher,Uncommon,Frozen Docks
99,Grim Minnow Pulse,Rare,Flooded Metro
100,Obsidian Squid Reactor,Epic,Blackwater Trenches
101,Circuit Jelly Reactor,Rare,Corporate Canals
102,Solar Manta Protocol,Common,Frozen Docks
103,Abyss Bass Vortex,Common,Blackwater Trenches
104,Chrome Barracuda Vortex,Legendary,Toxic Reefs
105,Scarlet Catfish Pulse,Common,Blackwater Trenches
106,Obsidian Pike Ion,Rare,Blackwater Trenches
107,Holo Marlin Ultra,Epic,Toxic Reefs
108,Cyber Salmon Ultra,Rare,Neon Harbor
109,Circuit Dragonfish Flux,Uncommon,Toxic Reefs
110,Solar Whale Reactor,Legendary,Skywater Reservoir
111,Nano Stingray Ultra,Epic,Frozen Docks
112,Plasma Swordfish Ultra,Legendary,Neon Harbor
113,Venom Perch Ultra,Rare,Skywater Reservoir
114,Crystal Snapper Prime,Epic,Flooded Metro
115,Neon Catfish MK-II,Legendary,Deep Abyss
116,Grim Barracuda VX,Uncommon,Frozen Docks
117,Neon Skipper Core,Rare,Frozen Docks
118,Abyss Angler Ultra,Epic,Toxic Reefs
119,Ghost Perch X,Epic,Deep Abyss
120,Holo Salmon Protocol,Epic,Flooded Metro
121,Obsidian Kraken Nova,Epic,Toxic Reefs
122,Neon Bass Pulse,Epic,Blackwater Trenches
123,Neon Eel Omega,Epic,Skywater Reservoir
124,Lunar Dragonfish Nova,Legendary,Frozen Docks
125,Obsidian Angler Vortex,Rare,Frozen Docks
126,Pulse Ray Vortex,Legendary,Blackwater Trenches
127,Nova Pike X,Common,Skywater Reservoir
128,Storm Crawler Ion,Legendary,Skywater Reservoir
129,Void Skipper Prime,Legendary,Frozen Docks
130,Nova Manta Ion,Legendary,Corporate Canals
131,Glitch Crawler MK-I,Legendary,Flooded Metro
132,Titan Jelly Echo,Epic,Corporate Canals
133,Storm Salmon MK-I,Legendary,Blackwater Trenches
134,Circuit Manta Pulse,Uncommon,Corporate Canals
135,Storm Stingray Flux,Uncommon,Frozen Docks
136,Grim Jelly Reactor,Rare,Skywater Reservoir
137,Radiant Minnow Prime,Legendary,Toxic Reefs
138,Quantum Dragonfish MK-II,Epic,Toxic Reefs
139,Echo Piranha Ion,Common,Skywater Reservoir
140,Crystal Manta MK-II,Epic,Neon Harbor
141,Radiant Snapper X,Rare,Flooded Metro
142,Nova Piranha Core,Uncommon,Frozen Docks
143,Chrome Ray Core,Rare,Corporate Canals
144,Static Squid Specter,Legendary,Frozen Docks
145,Quantum Crawler Echo,Uncommon,Flooded Metro
146,Nova Ray Nova,Epic,Neon Harbor
147,Ghost Manta Flux,Legendary,Flooded Metro
148,Nova Eel Cipher,Rare,Deep Abyss
149,Solar Swordfish Zero,Legendary,Corporate Canals
150,Storm Carp Flux,Epic,Frozen Docks
151,Static Minnow Omega,Legendary,Frozen Docks
152,Chrome Carp Pulse,Epic,Blackwater Trenches
153,Abyss Crawler Omega,Uncommon,Toxic Reefs
154,Circuit Minnow Flux,Epic,Neon Harbor
155,Void Pike Vortex,Legendary,Frozen Docks
156,Solar Koi Nova,Rare,Skywater Reservoir
157,Hydra Barracuda Prime,Legendary,Neon Harbor
158,Scarlet Minnow Nova,Common,Blackwater Trenches
159,Vapor Salmon Reactor,Common,Deep Abyss
160,Quantum Perch Delta,Epic,Corporate Canals
161,Turbo Leviathan Pulse,Epic,Neon Harbor
162,Hydra Catfish Cipher,Rare,Toxic Reefs
163,Ghost Carp Cipher,Epic,Toxic Reefs
164,Nova Leviathan Ion,Uncommon,Corporate Canals
165,Echo Guppy Protocol,Rare,Skywater Reservoir
166,Glitch Tuna Vortex,Rare,Blackwater Trenches
167,Venom Jelly Delta,Common,Skywater Reservoir
168,Titan Kraken Cipher,Legendary,Flooded Metro
169,Cyber Squid X,Epic,Flooded Metro
170,Nano Kraken X,Common,Blackwater Trenches
171,Storm Shark X,Common,Neon Harbor
172,Neon Skipper Ion,Legendary,Neon Harbor
173,Nano Perch Ion,Epic,Neon Harbor
174,Void Guppy Cipher,Rare,Flooded Metro
175,Hydra Dragonfish Reactor,Uncommon,Neon Harbor
176,Pulse Seahorse Core,Uncommon,Corporate Canals
177,Drift Koi Reactor,Legendary,Neon Harbor
178,Turbo Eel Echo,Epic,Corporate Canals
179,Lunar Whale Specter,Uncommon,Blackwater Trenches
180,Venom Minnow Flux,Rare,Frozen Docks
181,Titan Swordfish Echo,Uncommon,Corporate Canals
182,Pulse Stingray Pulse,Legendary,Flooded Metro
183,Void Jelly Specter,Uncommon,Frozen Docks
184,Ghost Seahorse X,Epic,Blackwater Trenches
185,Chrome Guppy Cipher,Legendary,Frozen Docks
186,Neon Squid Ultra,Rare,Flooded Metro
187,Cyber Pike Flux,Common,Frozen Docks
188,Circuit Stingray Core,Epic,Corporate Canals
189,Plasma Swordfish X,Legendary,Flooded Metro
190,Hydra Carp Protocol,Common,Blackwater Trenches
191,Storm Ray X,Legendary,Corporate Canals
192,Radiant Manta Flux,Epic,Neon Harbor
193,Grim Snapper X,Legendary,Toxic Reefs
194,Hydra Guppy Omega,Epic,Frozen Docks
195,Venom Tuna MK-I,Rare,Blackwater Trenches
196,Abyss Whale Nova,Epic,Frozen Docks
197,Venom Salmon Prime,Rare,Flooded Metro
198,Titan Skipper Nova,Legendary,Frozen Docks
199,Vapor Manta Core,Epic,Frozen Docks
200,Nano Tuna Omega,Legendary,Deep Abyss
201,Venom Whale Ion,Rare,Frozen Docks
202,Lunar Whale Zero,Rare,Toxic Reefs
203,Turbo Skipper Nova,Rare,Toxic Reefs
204,Venom Barracuda Delta,Uncommon,Flooded Metro
205,Solar Carp Protocol,Legendary,Neon Harbor
206,Quantum Kraken VX,Legendary,Toxic Reefs
207,Nova Marlin Protocol,Rare,Toxic Reefs
208,Drift Swordfish X,Rare,Deep Abyss
209,Quantum Kraken Cipher,Common,Skywater Reservoir
210,Void Bass VX,Legendary,Frozen Docks
211,Void Tuna Reactor,Rare,Corporate Canals
212,Nano Crawler Core,Uncommon,Blackwater Trenches
213,Turbo Koi Zero,Rare,Frozen Docks
214,Crystal Tuna Protocol,Rare,Corporate Canals
215,Nano Dragonfish Omega,Common,Corporate Canals
216,Lunar Salmon Vortex,Epic,Neon Harbor
217,Neon Perch Echo,Common,Toxic Reefs
218,Turbo Manta Zero,Rare,Neon Harbor
219,Drift Bass Cipher,Rare,Blackwater Trenches
220,Radiant Piranha Core,Rare,Corporate Canals
221,Nano Shark Vortex,Uncommon,Flooded Metro
222,Chrome Perch Reactor,Uncommon,Corporate Canals
223,Pulse Piranha Echo,Legendary,Deep Abyss
224,Ghost Stingray VX,Common,Neon Harbor
225,Chrome Barracuda Zero,Rare,Frozen Docks
226,Holo Crawler Vortex,Uncommon,Neon Harbor
227,Crystal Jelly Omega,Uncommon,Neon Harbor
228,Scarlet Koi Cipher,Rare,Deep Abyss
229,Titan Angler Protocol,Rare,Frozen Docks
230,Glitch Squid Ultra,Common,Neon Harbor
231,Nova Angler Echo,Uncommon,Frozen Docks
232,Vapor Angler Protocol,Rare,Flooded Metro
233,Ghost Barracuda Core,Rare,Corporate Canals
234,Glitch Eel Prime,Uncommon,Frozen Docks
235,Static Jelly VX,Rare,Blackwater Trenches
236,Holo Catfish Ion,Common,Neon Harbor
237,Nano Kraken Specter,Legendary,Flooded Metro
238,Chrome Leviathan Ultra,Legendary,Flooded Metro
239,Obsidian Jelly Reactor,Common,Corporate Canals
240,Obsidian Jelly Omega,Uncommon,Neon Harbor
241,Quantum Guppy Pulse,Common,Neon Harbor
242,Echo Bass MK-I,Legendary,Deep Abyss
243,Chrome Tuna VX,Common,Frozen Docks
244,Void Angler Protocol,Common,Deep Abyss
245,Obsidian Barracuda MK-I,Common,Frozen Docks
246,Plasma Seahorse Reactor,Uncommon,Skywater Reservoir
247,Nano Jelly Vortex,Legendary,Corporate Canals
248,Obsidian Shark Nova,Legendary,Corporate Canals
249,Plasma Ray Vortex,Uncommon,Blackwater Trenches
250,Nova Eel MK-II,Epic,Neon Harbor
251,Grim Catfish Vortex,Common,Corporate Canals
252,Pulse Bass Cipher,Uncommon,Flooded Metro
253,Lunar Carp VX,Uncommon,Toxic Reefs
254,Neon Angler MK-II,Legendary,Corporate Canals
255,Scarlet Marlin X,Legendary,Frozen Docks
256,Crystal Skipper VX,Legendary,Skywater Reservoir
257,Storm Carp Omega,Rare,Skywater Reservoir
258,Void Shark VX,Uncommon,Toxic Reefs
259,Pulse Seahorse Echo,Rare,Corporate Canals
260,Quantum Tuna Specter,Uncommon,Blackwater Trenches
261,Holo Kraken Pulse,Epic,Frozen Docks
262,Holo Piranha Ultra,Legendary,Corporate Canals
263,Drift Ray Prime,Uncommon,Neon Harbor
264,Circuit Marlin Pulse,Legendary,Corporate Canals
265,Turbo Stingray Cipher,Uncommon,Deep Abyss
266,Quantum Eel Zero,Rare,Toxic Reefs
267,Void Jelly Prime,Epic,Skywater Reservoir
268,Turbo Seahorse MK-I,Legendary,Corporate Canals
269,Abyss Seahorse MK-I,Legendary,Frozen Docks
270,Glitch Eel VX,Uncommon,Skywater Reservoir
271,Glitch Bass Pulse,Uncommon,Toxic Reefs
272,Neon Tuna Vortex,Common,Deep Abyss
273,Ghost Koi Vortex,Uncommon,Neon Harbor
274,Ghost Salmon Vortex,Common,Toxic Reefs
275,Glitch Snapper Zero,Common,Blackwater Trenches
276,Grim Stingray Ultra,Common,Skywater Reservoir
277,Solar Dragonfish Prime,Uncommon,Skywater Reservoir
278,Ghost Snapper MK-II,Rare,Skywater Reservoir
279,Pulse Marlin Prime,Uncommon,Blackwater Trenches
280,Turbo Swordfish VX,Uncommon,Corporate Canals
281,Venom Stingray Specter,Rare,Deep Abyss
282,Crystal Tuna MK-II,Rare,Frozen Docks
283,Chrome Leviathan MK-I,Uncommon,Deep Abyss
284,Scarlet Ray Cipher,Epic,Skywater Reservoir
285,Storm Eel Ion,Uncommon,Blackwater Trenches
286,Glitch Carp Omega,Rare,Skywater Reservoir
287,Storm Crawler Pulse,Legendary,Neon Harbor
288,Quantum Guppy Echo,Uncommon,Blackwater Trenches
289,Obsidian Marlin Core,Legendary,Neon Harbor
290,Circuit Shark MK-I,Rare,Flooded Metro
291,Chrome Koi Ultra,Uncommon,Deep Abyss
292,Quantum Seahorse X,Rare,Frozen Docks
293,Storm Leviathan Protocol,Common,Blackwater Trenches
294,Lunar Leviathan MK-I,Legendary,Deep Abyss
295,Radiant Pike Pulse,Rare,Blackwater Trenches
296,Cyber Leviathan Pulse,Common,Neon Harbor
297,Nano Snapper Cipher,Uncommon,Blackwater Trenches
298,Holo Leviathan Ultra,Legendary,Frozen Docks
299,Drift Pike X,Common,Neon Harbor
300,Vapor Whale Reactor,Uncommon,Toxic Reefs
301,Nova Pike Core,Legendary,Deep Abyss
302,Solar Ray X,Rare,Flooded Metro
303,Quantum Minnow Nova,Uncommon,Skywater Reservoir
304,Obsidian Whale Flux,Uncommon,Neon Harbor
305,Hydra Leviathan Protocol,Epic,Neon Harbor
306,Titan Stingray MK-II,Legendary,Deep Abyss
307,Lunar Guppy Echo,Uncommon,Neon Harbor
308,Circuit Koi Echo,Rare,Frozen Docks
309,Glitch Squid Vortex,Epic,Frozen Docks
310,Nano Squid Zero,Epic,Frozen Docks
311,Lunar Angler Echo,Epic,Deep Abyss
312,Crystal Shark VX,Epic,Toxic Reefs
313,Storm Swordfish Zero,Rare,Neon Harbor
314,Circuit Whale Delta,Epic,Skywater Reservoir
315,Glitch Stingray Vortex,Uncommon,Flooded Metro
316,Plasma Perch Core,Uncommon,Toxic Reefs
317,Titan Marlin MK-II,Legendary,Toxic Reefs
318,Abyss Angler Vortex,Common,Blackwater Trenches
319,Grim Swordfish Reactor,Epic,Skywater Reservoir
320,Grim Bass Flux,Legendary,Flooded Metro
321,Solar Piranha MK-II,Epic,Blackwater Trenches
322,Abyss Carp Ultra,Uncommon,Frozen Docks
323,Crystal Eel VX,Legendary,Frozen Docks
324,Abyss Kraken Zero,Epic,Flooded Metro
325,Titan Eel Core,Uncommon,Blackwater Trenches
326,Storm Guppy MK-II,Uncommon,Skywater Reservoir
327,Plasma Pike MK-I,Legendary,Frozen Docks
328,Titan Crawler Cipher,Epic,Blackwater Trenches
329,Static Bass Reactor,Epic,Corporate Canals
330,Radiant Carp Specter,Rare,Frozen Docks
331,Drift Whale Delta,Rare,Deep Abyss
332,Pulse Piranha VX,Legendary,Flooded Metro
333,Hydra Kraken Protocol,Common,Deep Abyss
334,Radiant Snapper Pulse,Rare,Skywater Reservoir
335,Glitch Skipper Ultra,Epic,Corporate Canals
336,Echo Shark Echo,Legendary,Skywater Reservoir
337,Chrome Swordfish Nova,Rare,Frozen Docks
338,Static Dragonfish Protocol,Common,Skywater Reservoir
339,Hydra Jelly Prime,Rare,Skywater Reservoir
340,Nova Ray Prime,Common,Skywater Reservoir
341,Turbo Crawler Vortex,Rare,Frozen Docks
342,Plasma Squid Core,Epic,Blackwater Trenches
343,Circuit Perch Ion,Rare,Corporate Canals
344,Void Marlin Nova,Rare,Flooded Metro
345,Radiant Kraken Cipher,Common,Deep Abyss
346,Nova Leviathan Vortex,Legendary,Neon Harbor
347,Drift Eel Cipher,Uncommon,Neon Harbor
348,Circuit Marlin Specter,Epic,Blackwater Trenches
349,Pulse Salmon Delta,Common,Deep Abyss
350,Plasma Kraken Omega,Uncommon,Corporate Canals
351,Hydra Squid Pulse,Uncommon,Frozen Docks
352,Nova Leviathan VX,Epic,Corporate Canals
353,Vapor Pike MK-I,Common,Blackwater Trenches
354,Echo Dragonfish Echo,Legendary,Blackwater Trenches
355,Quantum Ray Pulse,Uncommon,Frozen Docks
356,Void Jelly Omega,Common,Skywater Reservoir
357,Titan Tuna Delta,Rare,Toxic Reefs
358,Drift Stingray Vortex,Legendary,Blackwater Trenches
359,Scarlet Whale Cipher,Uncommon,Flooded Metro
360,Void Seahorse Zero,Epic,Frozen Docks
361,Echo Koi Protocol,Uncommon,Neon Harbor
362,Radiant Pike Flux,Rare,Corporate Canals
363,Vapor Bass Echo,Rare,Flooded Metro
364,Echo Koi Prime,Uncommon,Skywater Reservoir
365,Chrome Kraken Flux,Rare,Frozen Docks
366,Nova Angler Ion,Legendary,Blackwater Trenches
367,Hydra Koi Ion,Rare,Flooded Metro
368,Turbo Whale Echo,Epic,Skywater Reservoir
369,Echo Marlin Echo,Uncommon,Skywater Reservoir
370,Circuit Stingray Flux,Rare,Neon Harbor
371,Solar Guppy Flux,Epic,Frozen Docks
372,Nova Tuna Delta,Uncommon,Deep Abyss
373,Neon Piranha Ultra,Common,Toxic Reefs
374,Pulse Jelly Specter,Epic,Deep Abyss
375,Crystal Dragonfish Zero,Uncommon,Corporate Canals
376,Quantum Bass Pulse,Epic,Skywater Reservoir
377,Scarlet Squid Reactor,Epic,Deep Abyss
378,Scarlet Tuna MK-II,Common,Deep Abyss
379,Venom Snapper Ion,Rare,Flooded Metro
380,Grim Guppy MK-I,Epic,Corporate Canals
381,Titan Stingray MK-I,Legendary,Flooded Metro
382,Scarlet Catfish Zero,Rare,Flooded Metro
383,Scarlet Piranha Ion,Common,Neon Harbor
384,Storm Koi VX,Epic,Deep Abyss
385,Quantum Jelly Omega,Epic,Blackwater Trenches
386,Vapor Jelly Ion,Common,Frozen Docks
387,Vapor Snapper Vortex,Epic,Skywater Reservoir
388,Pulse Ray VX,Rare,Flooded Metro
389,Radiant Whale MK-I,Rare,Skywater Reservoir
390,Crystal Perch X,Epic,Corporate Canals
391,Venom Barracuda X,Epic,Deep Abyss
392,Venom Shark Ion,Common,Frozen Docks
393,Crystal Barracuda Protocol,Rare,Blackwater Trenches
394,Storm Squid Flux,Uncommon,Skywater Reservoir
395,Vapor Stingray Pulse,Uncommon,Flooded Metro
396,Venom Jelly Omega,Rare,Skywater Reservoir
397,Circuit Ray MK-I,Rare,Flooded Metro
398,Radiant Marlin Echo,Legendary,Neon Harbor
399,Turbo Shark MK-II,Epic,Toxic Reefs
400,Abyss Snapper MK-II,Common,Blackwater Trenches
401,Circuit Koi Core,Epic,Flooded Metro
402,Hydra Catfish MK-II,Legendary,Blackwater Trenches
403,Nova Seahorse Pulse,Uncommon,Blackwater Trenches
404,Nano Eel MK-II,Epic,Frozen Docks
405,Nova Kraken Delta,Rare,Flooded Metro
406,Abyss Snapper VX,Common,Skywater Reservoir
407,Obsidian Minnow Nova,Common,Neon Harbor
408,Radiant Ray Zero,Rare,Toxic Reefs
409,Radiant Whale Cipher,Common,Corporate Canals
410,Venom Leviathan MK-II,Rare,Corporate Canals
411,Holo Catfish Echo,Common,Frozen Docks
412,Holo Squid Cipher,Rare,Frozen Docks
413,Echo Piranha Zero,Legendary,Deep Abyss
414,Lunar Shark Delta,Rare,Deep Abyss
415,Radiant Koi X,Uncommon,Neon Harbor
416,Storm Catfish Ion,Legendary,Toxic Reefs
417,Glitch Crawler Zero,Legendary,Skywater Reservoir
418,Nova Carp Reactor,Legendary,Skywater Reservoir
419,Glitch Kraken Core,Epic,Blackwater Trenches
420,Vapor Angler VX,Common,Flooded Metro
421,Pulse Skipper Delta,Rare,Toxic Reefs
422,Glitch Squid MK-II,Uncommon,Corporate Canals
423,Nova Tuna Flux,Epic,Blackwater Trenches
424,Storm Seahorse Flux,Epic,Blackwater Trenches
425,Scarlet Minnow Cipher,Legendary,Neon Harbor
426,Holo Seahorse Reactor,Rare,Blackwater Trenches
427,Plasma Catfish Ultra,Uncommon,Deep Abyss
428,Storm Snapper Ultra,Rare,Toxic Reefs
429,Drift Jelly Cipher,Legendary,Frozen Docks
430,Turbo Crawler Specter,Legendary,Neon Harbor
431,Storm Pike Flux,Common,Frozen Docks
432,Quantum Piranha Ion,Uncommon,Frozen Docks
433,Turbo Snapper Delta,Uncommon,Deep Abyss
434,Obsidian Kraken Delta,Epic,Corporate Canals
435,Obsidian Catfish Flux,Epic,Corporate Canals
436,Scarlet Koi Core,Legendary,Flooded Metro
437,Nova Bass MK-I,Rare,Flooded Metro
438,Storm Shark Cipher,Uncommon,Toxic Reefs
439,Crystal Carp Vortex,Common,Blackwater Trenches
440,Grim Seahorse Prime,Uncommon,Neon Harbor
441,Scarlet Seahorse Zero,Common,Frozen Docks
442,Quantum Shark Pulse,Epic,Frozen Docks
443,Drift Kraken Nova,Epic,Corporate Canals
444,Echo Koi Flux,Epic,Skywater Reservoir
445,Nano Bass Delta,Legendary,Skywater Reservoir
446,Ghost Pike Zero,Rare,Blackwater Trenches
447,Circuit Leviathan Prime,Legendary,Neon Harbor
448,Titan Seahorse Echo,Legendary,Corporate Canals
449,Holo Eel Vortex,Common,Flooded Metro
450,Circuit Eel Delta,Epic,Blackwater Trenches
451,Void Snapper Nova,Common,Toxic Reefs
452,Neon Ray Prime,Legendary,Neon Harbor
453,Obsidian Stingray Delta,Epic,Blackwater Trenches
454,Neon Catfish Nova,Common,Toxic Reefs
455,Obsidian Perch MK-II,Epic,Neon Harbor
456,Cyber Shark Prime,Common,Blackwater Trenches
457,Echo Barracuda Zero,Uncommon,Toxic Reefs
458,Scarlet Leviathan MK-I,Common,Neon Harbor
459,Drift Squid MK-II,Uncommon,Flooded Metro
460,Quantum Manta Ultra,Uncommon,Flooded Metro
461,Nova Stingray VX,Rare,Flooded Metro
462,Plasma Eel Delta,Legendary,Frozen Docks
463,Plasma Perch VX,Uncommon,Blackwater Trenches
464,Static Kraken Vortex,Rare,Neon Harbor
465,Abyss Squid Prime,Rare,Blackwater Trenches
466,Crystal Eel Vortex,Epic,Deep Abyss
467,Grim Stingray Prime,Rare,Corporate Canals
468,Plasma Stingray Ultra,Uncommon,Flooded Metro
469,Circuit Bass Pulse,Uncommon,Skywater Reservoir
470,Lunar Bass Nova,Uncommon,Flooded Metro
471,Scarlet Koi Nova,Uncommon,Toxic Reefs
472,Quantum Leviathan MK-II,Rare,Corporate Canals
473,Static Carp Ultra,Epic,Toxic Reefs
474,Echo Squid Delta,Rare,Skywater Reservoir
475,Glitch Crawler Pulse,Epic,Corporate Canals
476,Echo Catfish Echo,Common,Skywater Reservoir
477,Abyss Seahorse Flux,Uncommon,Toxic Reefs
478,Pulse Snapper Cipher,Rare,Frozen Docks
479,Scarlet Shark Specter,Epic,Skywater Reservoir
480,Obsidian Shark Protocol,Legendary,Toxic Reefs
481,Nova Kraken X,Rare,Corporate Canals
482,Grim Kraken Flux,Epic,Corporate Canals
483,Lunar Catfish Pulse,Epic,Flooded Metro
484,Storm Manta Prime,Common,Corporate Canals
485,Glitch Koi VX,Rare,Frozen Docks
486,Holo Crawler MK-I,Rare,Corporate Canals
487,Obsidian Leviathan MK-I,Common,Flooded Metro
488,Hydra Angler Omega,Common,Neon Harbor
489,Static Minnow MK-II,Uncommon,Neon Harbor
490,Lunar Squid Pulse,Rare,Frozen Docks
491,Grim Jelly Zero,Common,Flooded Metro
492,Obsidian Squid Vortex,Rare,Flooded Metro
493,Lunar Crawler Reactor,Uncommon,Toxic Reefs
494,Grim Crawler Pulse,Uncommon,Frozen Docks
495,Static Carp MK-II,Legendary,Blackwater Trenches
496,Abyss Crawler Core,Rare,Blackwater Trenches
497,Grim Carp Core,Legendary,Neon Harbor
498,Titan Whale Echo,Rare,Blackwater Trenches
499,Nano Jelly Cipher,Epic,Neon Harbor
500,Neon Crawler Ultra,Legendary,Corporate Canals
501,Circuit Marlin MK-I,Rare,Deep Abyss
502,Abyss Crawler Reactor,Common,Neon Harbor
503,Abyss Snapper Ion,Legendary,Neon Harbor
504,Nano Kraken Pulse,Rare,Corporate Canals
505,Void Catfish Protocol,Rare,Corporate Canals
506,Ghost Minnow Reactor,Epic,Deep Abyss
507,Plasma Marlin MK-I,Epic,Blackwater Trenches
508,Scarlet Shark VX,Epic,Corporate Canals
509,Drift Dragonfish Protocol,Uncommon,Skywater Reservoir
510,Holo Skipper Delta,Uncommon,Corporate Canals
511,Cyber Pike Specter,Rare,Deep Abyss
512,Neon Kraken Cipher,Epic,Frozen Docks
513,Grim Seahorse Flux,Epic,Flooded Metro
514,Void Kraken Omega,Rare,Toxic Reefs
515,Circuit Squid Delta,Legendary,Neon Harbor
516,Drift Ray Nova,Common,Corporate Canals
517,Grim Carp MK-I,Epic,Frozen Docks
518,Void Eel Ion,Uncommon,Flooded Metro
519,Echo Whale Zero,Legendary,Corporate Canals
520,Solar Minnow Core,Epic,Skywater Reservoir
521,Chrome Marlin Pulse,Uncommon,Blackwater Trenches
522,Holo Pike Vortex,Epic,Neon Harbor
523,Holo Perch Core,Epic,Frozen Docks
524,Turbo Leviathan Omega,Uncommon,Flooded Metro
525,Grim Angler Ultra,Uncommon,Deep Abyss
526,Plasma Marlin Ultra,Rare,Corporate Canals
527,Lunar Piranha Delta,Legendary,Neon Harbor
528,Quantum Shark Prime,Legendary,Neon Harbor
529,Echo Leviathan Ion,Legendary,Flooded Metro
530,Turbo Manta MK-II,Uncommon,Deep Abyss
531,Quantum Angler X,Uncommon,Flooded Metro
532,Quantum Pike Pulse,Common,Flooded Metro
533,Scarlet Ray Delta,Legendary,Toxic Reefs
534,Grim Guppy Vortex,Epic,Deep Abyss
535,Quantum Crawler Flux,Epic,Skywater Reservoir
536,Static Eel MK-I,Epic,Deep Abyss
537,Drift Dragonfish Delta,Rare,Toxic Reefs
538,Ghost Perch Protocol,Legendary,Blackwater Trenches
539,Lunar Bass Vortex,Epic,Corporate Canals
540,Grim Catfish Prime,Epic,Skywater Reservoir
541,Hydra Leviathan Ion,Common,Flooded Metro
542,Titan Shark Flux,Rare,Skywater Reservoir
543,Storm Marlin Protocol,Legendary,Frozen Docks
544,Chrome Shark MK-I,Uncommon,Flooded Metro
545,Echo Snapper Nova,Uncommon,Frozen Docks
546,Venom Bass Protocol,Epic,Frozen Docks
547,Turbo Tuna Specter,Uncommon,Skywater Reservoir
548,Radiant Angler Zero,Legendary,Frozen Docks
549,Drift Jelly Protocol,Common,Frozen Docks
550,Nova Seahorse Ultra,Legendary,Neon Harbor
551,Crystal Minnow Ion,Epic,Frozen Docks
552,Turbo Barracuda Delta,Rare,Flooded Metro
553,Lunar Bass Echo,Legendary,Toxic Reefs
554,Neon Squid Specter,Common,Skywater Reservoir
555,Pulse Dragonfish Flux,Legendary,Corporate Canals
556,Neon Leviathan Protocol,Epic,Corporate Canals
557,Glitch Shark MK-II,Rare,Toxic Reefs
558,Abyss Crawler MK-II,Legendary,Neon Harbor
559,Turbo Koi Ultra,Legendary,Flooded Metro
560,Echo Perch X,Common,Deep Abyss
561,Nova Crawler Nova,Rare,Neon Harbor
562,Scarlet Angler Cipher,Legendary,Skywater Reservoir
563,Abyss Crawler Specter,Epic,Frozen Docks
564,Holo Minnow Reactor,Uncommon,Frozen Docks
565,Obsidian Swordfish X,Uncommon,Blackwater Trenches
566,Pulse Catfish MK-I,Uncommon,Skywater Reservoir
567,Vapor Manta Protocol,Epic,Deep Abyss
568,Nova Perch Core,Legendary,Corporate Canals
569,Grim Dragonfish Cipher,Uncommon,Deep Abyss
570,Circuit Pike Ion,Legendary,Neon Harbor
571,Nova Crawler Ultra,Common,Corporate Canals
572,Vapor Crawler Specter,Common,Skywater Reservoir
573,Holo Koi Echo,Epic,Neon Harbor
574,Radiant Whale Protocol,Legendary,Flooded Metro
575,Nano Catfish X,Common,Neon Harbor
576,Ghost Ray Cipher,Legendary,Deep Abyss
577,Crystal Seahorse Vortex,Uncommon,Neon Harbor
578,Solar Marlin MK-I,Uncommon,Frozen Docks
579,Scarlet Seahorse Specter,Rare,Neon Harbor
580,Echo Leviathan Pulse,Rare,Deep Abyss
581,Solar Piranha VX,Rare,Corporate Canals
582,Static Kraken Ultra,Epic,Deep Abyss
583,Plasma Angler Flux,Epic,Blackwater Trenches
584,Hydra Shark Delta,Legendary,Deep Abyss
585,Neon Carp Cipher,Epic,Flooded Metro
586,Solar Snapper VX,Common,Neon Harbor
587,Static Carp Protocol,Legendary,Skywater Reservoir
588,Vapor Seahorse Cipher,Epic,Frozen Docks
589,Drift Shark Flux,Epic,Deep Abyss
590,Nova Squid Ultra,Legendary,Neon Harbor
591,Titan Marlin Zero,Legendary,Toxic Reefs
592,Lunar Angler Nova,Legendary,Frozen Docks
593,Echo Jelly X,Common,Flooded Metro
594,Drift Ray Core,Rare,Frozen Docks
595,Echo Snapper Delta,Legendary,Blackwater Trenches
596,Abyss Guppy Nova,Epic,Neon Harbor
597,Ghost Marlin Zero,Common,Blackwater Trenches
598,Circuit Manta Omega,Uncommon,Deep Abyss
599,Vapor Ray Zero,Common,Flooded Metro
600,Plasma Crawler Delta,Epic,Neon Harbor
601,Neon Jelly Prime,Epic,Frozen Docks
602,Ghost Dragonfish Core,Uncommon,Blackwater Trenches
603,Nano Swordfish Omega,Common,Blackwater Trenches
604,Solar Kraken Echo,Legendary,Frozen Docks
605,Nova Manta Core,Epic,Corporate Canals
606,Holo Snapper Prime,Rare,Skywater Reservoir
607,Void Tuna MK-II,Legendary,Deep Abyss
608,Echo Dragonfish Cipher,Common,Deep Abyss
609,Abyss Catfish Flux,Uncommon,Neon Harbor
610,Crystal Koi Omega,Rare,Deep Abyss
611,Obsidian Marlin MK-II,Uncommon,Toxic Reefs
612,Cyber Whale Ultra,Common,Corporate Canals
613,Vapor Whale MK-II,Common,Flooded Metro
614,Chrome Perch Protocol,Uncommon,Neon Harbor
615,Quantum Skipper Flux,Common,Deep Abyss
616,Venom Snapper VX,Legendary,Deep Abyss
617,Titan Stingray Vortex,Epic,Blackwater Trenches
618,Grim Salmon Vortex,Uncommon,Corporate Canals
619,Grim Perch Cipher,Common,Corporate Canals
620,Chrome Kraken Ultra,Legendary,Toxic Reefs
621,Circuit Shark Echo,Uncommon,Corporate Canals
622,Radiant Manta MK-I,Epic,Deep Abyss
623,Nova Whale MK-II,Epic,Deep Abyss
624,Solar Leviathan Ultra,Rare,Skywater Reservoir
625,Solar Marlin Ion,Rare,Deep Abyss
626,Circuit Koi Pulse,Rare,Neon Harbor
627,Scarlet Salmon Prime,Uncommon,Flooded Metro
628,Void Guppy Omega,Legendary,Blackwater Trenches
629,Storm Dragonfish Reactor,Legendary,Flooded Metro
630,Echo Leviathan Zero,Epic,Neon Harbor
631,Neon Carp Vortex,Common,Corporate Canals
632,Cyber Whale Flux,Legendary,Neon Harbor
633,Chrome Snapper Vortex,Epic,Flooded Metro
634,Chrome Tuna Core,Legendary,Deep Abyss
635,Turbo Koi Omega,Uncommon,Blackwater Trenches
636,Grim Salmon Ultra,Uncommon,Skywater Reservoir
637,Radiant Salmon Core,Rare,Blackwater Trenches
638,Abyss Koi Ultra,Rare,Skywater Reservoir
639,Quantum Dragonfish Ultra,Rare,Corporate Canals
640,Hydra Skipper Vortex,Legendary,Neon Harbor
641,Chrome Pike MK-I,Legendary,Skywater Reservoir
642,Nano Dragonfish Ion,Epic,Toxic Reefs
643,Static Jelly Vortex,Epic,Neon Harbor
644,Glitch Minnow Prime,Epic,Frozen Docks
645,Quantum Angler Delta,Legendary,Frozen Docks
646,Chrome Minnow Vortex,Legendary,Deep Abyss
647,Nano Kraken Nova,Epic,Flooded Metro
648,Plasma Guppy Protocol,Uncommon,Deep Abyss
649,Vapor Guppy MK-II,Epic,Corporate Canals
650,Crystal Marlin Zero,Common,Blackwater Trenches
651,Titan Eel X,Uncommon,Flooded Metro
652,Pulse Bass Ultra,Common,Toxic Reefs
653,Vapor Catfish Reactor,Rare,Frozen Docks
654,Abyss Bass Core,Legendary,Deep Abyss
655,Quantum Skipper Specter,Common,Deep Abyss
656,Titan Ray Specter,Uncommon,Skywater Reservoir
657,Pulse Stingray Zero,Uncommon,Toxic Reefs
658,Obsidian Tuna Delta,Uncommon,Corporate Canals
659,Pulse Perch X,Epic,Neon Harbor
660,Pulse Perch MK-II,Rare,Flooded Metro
661,Static Marlin Core,Epic,Neon Harbor
662,Obsidian Shark Flux,Epic,Toxic Reefs
663,Hydra Jelly Specter,Common,Frozen Docks
664,Plasma Ray MK-II,Rare,Deep Abyss
665,Venom Manta Ultra,Common,Blackwater Trenches
666,Drift Squid Delta,Legendary,Blackwater Trenches
667,Turbo Swordfish Nova,Common,Deep Abyss
668,Ghost Carp Delta,Uncommon,Blackwater Trenches
669,Holo Whale Flux,Legendary,Neon Harbor
670,Turbo Manta Specter,Epic,Frozen Docks
671,Grim Angler Delta,Rare,Frozen Docks
672,Crystal Seahorse Echo,Rare,Corporate Canals
673,Turbo Snapper Flux,Uncommon,Skywater Reservoir
674,Titan Leviathan X,Uncommon,Neon Harbor
675,Grim Jelly VX,Legendary,Skywater Reservoir
676,Quantum Shark Zero,Epic,Blackwater Trenches
677,Scarlet Leviathan Flux,Legendary,Toxic Reefs
678,Scarlet Swordfish MK-I,Common,Neon Harbor
679,Plasma Barracuda Pulse,Rare,Neon Harbor
680,Drift Kraken Omega,Legendary,Frozen Docks
681,Crystal Whale Pulse,Legendary,Neon Harbor
682,Pulse Guppy Core,Epic,Toxic Reefs
683,Nova Guppy Vortex,Common,Blackwater Trenches
684,Radiant Dragonfish Protocol,Legendary,Toxic Reefs
685,Scarlet Manta Vortex,Legendary,Frozen Docks
686,Turbo Salmon Core,Common,Blackwater Trenches
687,Radiant Angler MK-II,Rare,Toxic Reefs
688,Static Barracuda Reactor,Epic,Corporate Canals
689,Venom Swordfish Core,Uncommon,Frozen Docks
690,Storm Marlin Nova,Common,Skywater Reservoir
691,Nova Dragonfish Delta,Epic,Flooded Metro
692,Echo Shark Pulse,Common,Corporate Canals
693,Solar Guppy Omega,Rare,Neon Harbor
694,Quantum Koi Reactor,Legendary,Frozen Docks
695,Quantum Guppy VX,Legendary,Deep Abyss
696,Neon Eel Vortex,Epic,Deep Abyss
697,Quantum Skipper Echo,Epic,Deep Abyss
698,Drift Squid Ultra,Uncommon,Deep Abyss
699,Titan Pike Vortex,Rare,Flooded Metro
700,Echo Angler Reactor,Uncommon,Deep Abyss
701,Chrome Carp Specter,Legendary,Blackwater Trenches
702,Storm Angler Delta,Rare,Toxic Reefs
703,Echo Guppy Prime,Uncommon,Deep Abyss
704,Neon Squid MK-I,Legendary,Blackwater Trenches
705,Neon Angler Prime,Rare,Blackwater Trenches
706,Chrome Guppy Delta,Rare,Blackwater Trenches
707,Venom Stingray Vortex,Uncommon,Deep Abyss
708,Crystal Leviathan Zero,Rare,Toxic Reefs
709,Turbo Pike Prime,Epic,Frozen Docks
710,Echo Stingray Flux,Uncommon,Skywater Reservoir
711,Lunar Crawler Ultra,Uncommon,Blackwater Trenches
712,Circuit Perch Reactor,Legendary,Deep Abyss
713,Cyber Barracuda MK-II,Legendary,Toxic Reefs
714,Titan Carp Prime,Rare,Corporate Canals
715,Chrome Crawler Nova,Uncommon,Skywater Reservoir
716,Plasma Catfish Core,Legendary,Flooded Metro
717,Titan Snapper Nova,Legendary,Flooded Metro
718,Void Jelly MK-I,Rare,Blackwater Trenches
719,Turbo Perch Prime,Rare,Frozen Docks
720,Pulse Shark Delta,Legendary,Corporate Canals
721,Static Perch Ion,Epic,Skywater Reservoir
722,Vapor Skipper Vortex,Epic,Flooded Metro
723,Holo Eel Cipher,Uncommon,Deep Abyss
724,Holo Barracuda Protocol,Rare,Blackwater Trenches
725,Echo Piranha Nova,Common,Flooded Metro
726,Holo Marlin Zero,Common,Neon Harbor
727,Venom Bass X,Legendary,Blackwater Trenches
728,Glitch Squid MK-I,Common,Deep Abyss
729,Chrome Perch Delta,Epic,Blackwater Trenches
730,Pulse Kraken Prime,Epic,Neon Harbor
731,Neon Stingray MK-I,Epic,Flooded Metro
732,Quantum Eel Omega,Uncommon,Neon Harbor
733,Lunar Jelly MK-I,Epic,Flooded Metro
734,Crystal Perch Pulse,Legendary,Toxic Reefs
735,Crystal Catfish Pulse,Epic,Toxic Reefs
736,Grim Seahorse Ion,Rare,Flooded Metro
737,Drift Jelly Pulse,Legendary,Frozen Docks
738,Vapor Skipper Ultra,Epic,Toxic Reefs
739,Titan Piranha Pulse,Rare,Neon Harbor
740,Scarlet Eel Protocol,Legendary,Neon Harbor
741,Neon Pike Flux,Epic,Neon Harbor
742,Holo Squid Flux,Rare,Neon Harbor
743,Cyber Angler Specter,Rare,Frozen Docks
744,Nano Piranha Echo,Uncommon,Neon Harbor
745,Abyss Kraken VX,Rare,Skywater Reservoir
746,Obsidian Guppy Delta,Common,Deep Abyss
747,Titan Koi Protocol,Common,Deep Abyss
748,Nova Jelly Ion,Epic,Frozen Docks
749,Hydra Skipper Cipher,Uncommon,Flooded Metro
750,Nano Angler Delta,Legendary,Corporate Canals
751,Holo Salmon Prime,Epic,Neon Harbor
752,Chrome Crawler VX,Uncommon,Neon Harbor
753,Turbo Swordfish Omega,Legendary,Blackwater Trenches
754,Grim Kraken Zero,Legendary,Flooded Metro
755,Glitch Manta Prime,Rare,Frozen Docks
756,Chrome Pike Core,Common,Skywater Reservoir
757,Titan Bass Prime,Rare,Neon Harbor
758,Quantum Leviathan Specter,Legendary,Corporate Canals
759,Lunar Manta Ion,Common,Corporate Canals
760,Ghost Kraken Cipher,Epic,Deep Abyss
761,Quantum Squid X,Common,Deep Abyss
762,Obsidian Snapper Nova,Uncommon,Corporate Canals
763,Nano Perch Reactor,Common,Corporate Canals
764,Quantum Squid Flux,Legendary,Corporate Canals
765,Echo Squid Echo,Legendary,Toxic Reefs
766,Plasma Angler Protocol,Rare,Toxic Reefs
767,Hydra Guppy Ion,Rare,Flooded Metro
768,Ghost Snapper Omega,Common,Deep Abyss
769,Titan Piranha MK-II,Rare,Corporate Canals
770,Chrome Skipper Protocol,Common,Blackwater Trenches
771,Obsidian Minnow Pulse,Epic,Neon Harbor
772,Solar Shark Pulse,Uncommon,Skywater Reservoir
773,Venom Catfish Ion,Common,Flooded Metro
774,Obsidian Stingray MK-II,Epic,Neon Harbor
775,Nano Angler Ion,Common,Skywater Reservoir
776,Scarlet Catfish Core,Legendary,Skywater Reservoir
777,Circuit Carp Echo,Legendary,Neon Harbor
778,Void Snapper MK-II,Common,Frozen Docks
779,Drift Skipper Reactor,Common,Deep Abyss
780,Void Carp Cipher,Uncommon,Toxic Reefs
781,Cyber Stingray Ion,Legendary,Neon Harbor
782,Titan Minnow Cipher,Epic,Skywater Reservoir
783,Nova Koi Protocol,Epic,Deep Abyss
784,Solar Snapper Prime,Epic,Toxic Reefs
785,Scarlet Crawler Reactor,Legendary,Flooded Metro
786,Crystal Stingray Reactor,Uncommon,Blackwater Trenches
787,Scarlet Snapper Vortex,Legendary,Corporate Canals
788,Turbo Crawler MK-I,Legendary,Flooded Metro
789,Solar Snapper Zero,Rare,Corporate Canals
790,Void Angler Cipher,Common,Frozen Docks
791,Nano Ray MK-II,Epic,Skywater Reservoir
792,Glitch Bass Echo,Rare,Flooded Metro
793,Abyss Catfish Delta,Common,Corporate Canals
794,Solar Jelly Echo,Rare,Neon Harbor
795,Scarlet Squid Nova,Rare,Blackwater Trenches
796,Lunar Tuna X,Common,Deep Abyss
797,Scarlet Barracuda Omega,Legendary,Neon Harbor
798,Crystal Stingray Flux,Legendary,Skywater Reservoir
799,Obsidian Marlin Delta,Uncommon,Frozen Docks
800,Pulse Manta X,Common,Frozen Docks
801,Vapor Crawler Ultra,Uncommon,Skywater Reservoir
802,Venom Shark Delta,Epic,Deep Abyss
803,Hydra Perch Prime,Legendary,Neon Harbor
804,Plasma Shark Echo,Epic,Deep Abyss
805,Abyss Catfish Core,Legendary,Flooded Metro
806,Lunar Stingray Nova,Epic,Toxic Reefs
807,Echo Barracuda Delta,Legendary,Deep Abyss
808,Void Seahorse Pulse,Epic,Skywater Reservoir
809,Titan Whale MK-II,Rare,Deep Abyss
810,Pulse Marlin Protocol,Legendary,Corporate Canals
811,Radiant Perch VX,Common,Blackwater Trenches
812,Void Squid Echo,Common,Skywater Reservoir
813,Radiant Jelly Cipher,Legendary,Blackwater Trenches
814,Radiant Marlin MK-II,Common,Deep Abyss
815,Solar Stingray VX,Uncommon,Corporate Canals
816,Circuit Pike Specter,Rare,Corporate Canals
817,Circuit Koi Flux,Legendary,Blackwater Trenches
818,Crystal Guppy VX,Epic,Flooded Metro
819,Nova Skipper Zero,Common,Corporate Canals
820,Obsidian Pike Core,Epic,Frozen Docks
821,Turbo Dragonfish Omega,Common,Deep Abyss
822,Vapor Marlin Echo,Common,Skywater Reservoir
823,Echo Salmon Nova,Epic,Toxic Reefs
824,Storm Koi Cipher,Common,Toxic Reefs
825,Glitch Marlin X,Common,Deep Abyss
826,Turbo Crawler Ultra,Epic,Neon Harbor
827,Radiant Manta Echo,Common,Corporate Canals
828,Chrome Kraken Specter,Legendary,Skywater Reservoir
829,Plasma Swordfish Vortex,Legendary,Skywater Reservoir
830,Chrome Bass Zero,Common,Deep Abyss
831,Storm Piranha Echo,Uncommon,Toxic Reefs
832,Quantum Perch Omega,Legendary,Toxic Reefs
833,Quantum Eel Pulse,Uncommon,Skywater Reservoir
834,Glitch Perch Protocol,Rare,Toxic Reefs
835,Echo Angler Nova,Epic,Deep Abyss
836,Circuit Bass Ion,Legendary,Frozen Docks
837,Chrome Marlin Cipher,Common,Frozen Docks
838,Glitch Pike Cipher,Uncommon,Corporate Canals
839,Ghost Manta Omega,Uncommon,Toxic Reefs
840,Glitch Squid Reactor,Rare,Neon Harbor
841,Storm Perch Cipher,Legendary,Neon Harbor
842,Crystal Stingray Zero,Rare,Skywater Reservoir
843,Void Pike Core,Legendary,Frozen Docks
844,Void Manta MK-II,Common,Corporate Canals
845,Vapor Snapper Cipher,Epic,Neon Harbor
846,Plasma Carp Core,Epic,Skywater Reservoir
847,Circuit Minnow Protocol,Epic,Skywater Reservoir
848,Titan Jelly Protocol,Legendary,Deep Abyss
849,Plasma Stingray MK-II,Common,Frozen Docks
850,Turbo Whale Nova,Common,Toxic Reefs
851,Hydra Catfish X,Common,Toxic Reefs
852,Titan Jelly Flux,Rare,Corporate Canals
853,Nova Manta Protocol,Legendary,Corporate Canals
854,Solar Seahorse Echo,Common,Flooded Metro
855,Hydra Pike Flux,Rare,Frozen Docks
856,Plasma Pike VX,Epic,Corporate Canals
857,Static Piranha Specter,Common,Deep Abyss
858,Neon Salmon Core,Epic,Frozen Docks
859,Obsidian Tuna Flux,Common,Toxic Reefs
860,Neon Tuna MK-I,Rare,Skywater Reservoir
861,Hydra Bass Flux,Uncommon,Skywater Reservoir
862,Chrome Stingray MK-II,Epic,Neon Harbor
863,Turbo Salmon X,Common,Skywater Reservoir
864,Vapor Pike Core,Rare,Frozen Docks
865,Nova Piranha MK-II,Rare,Skywater Reservoir
866,Venom Piranha Vortex,Legendary,Deep Abyss
867,Vapor Stingray Specter,Epic,Deep Abyss
868,Nano Manta Cipher,Legendary,Deep Abyss
869,Turbo Angler Reactor,Legendary,Frozen Docks
870,Nano Ray Protocol,Uncommon,Neon Harbor
871,Circuit Stingray Protocol,Uncommon,Deep Abyss
872,Nano Carp Cipher,Uncommon,Toxic Reefs
873,Obsidian Perch Flux,Rare,Deep Abyss
874,Radiant Ray VX,Epic,Toxic Reefs
875,Plasma Stingray Echo,Uncommon,Blackwater Trenches
876,Ghost Swordfish Cipher,Legendary,Blackwater Trenches
877,Static Guppy MK-I,Rare,Skywater Reservoir
878,Lunar Barracuda Prime,Rare,Frozen Docks
879,Radiant Ray X,Legendary,Blackwater Trenches
880,Nano Eel Specter,Epic,Skywater Reservoir
881,Circuit Ray Cipher,Epic,Neon Harbor
882,Hydra Bass Vortex,Rare,Skywater Reservoir
883,Lunar Marlin Zero,Epic,Frozen Docks
884,Holo Piranha Omega,Epic,Skywater Reservoir
885,Vapor Perch Echo,Rare,Blackwater Trenches
886,Ghost Ray Ion,Rare,Flooded Metro
887,Hydra Perch Ion,Legendary,Skywater Reservoir
888,Echo Carp Omega,Common,Frozen Docks
889,Drift Minnow Specter,Legendary,Neon Harbor
890,Grim Jelly Protocol,Epic,Neon Harbor
891,Nano Whale Reactor,Rare,Frozen Docks
892,Storm Dragonfish MK-II,Common,Corporate Canals
893,Drift Leviathan Reactor,Legendary,Skywater Reservoir
894,Neon Shark Flux,Common,Neon Harbor
895,Nova Perch Nova,Uncommon,Neon Harbor
896,Cyber Carp Vortex,Common,Corporate Canals
897,Chrome Minnow Nova,Legendary,Skywater Reservoir
898,Drift Crawler Ultra,Uncommon,Frozen Docks
899,Holo Swordfish Ion,Rare,Corporate Canals
900,Ghost Marlin MK-II,Uncommon,Deep Abyss
901,Nano Marlin Protocol,Legendary,Neon Harbor
902,Storm Skipper VX,Epic,Skywater Reservoir
903,Crystal Minnow MK-I,Uncommon,Deep Abyss
904,Titan Angler X,Uncommon,Deep Abyss
905,Radiant Angler Protocol,Common,Frozen Docks
906,Static Catfish VX,Legendary,Deep Abyss
907,Turbo Angler Core,Epic,Toxic Reefs
908,Radiant Salmon Vortex,Rare,Toxic Reefs
909,Plasma Skipper Prime,Uncommon,Frozen Docks
910,Crystal Manta MK-I,Legendary,Corporate Canals
911,Quantum Dragonfish X,Rare,Flooded Metro
912,Crystal Tuna X,Rare,Corporate Canals
913,Drift Perch Ion,Legendary,Frozen Docks
914,Echo Tuna Echo,Legendary,Deep Abyss
915,Titan Leviathan Delta,Rare,Flooded Metro
916,Abyss Skipper Core,Epic,Corporate Canals
917,Scarlet Seahorse Echo,Uncommon,Neon Harbor
918,Ghost Marlin Ultra,Legendary,Skywater Reservoir
919,Hydra Crawler Specter,Rare,Toxic Reefs
920,Glitch Catfish MK-II,Rare,Frozen Docks
921,Quantum Piranha VX,Rare,Skywater Reservoir
922,Plasma Crawler Zero,Rare,Toxic Reefs
923,Nova Perch Vortex,Common,Skywater Reservoir
924,Nano Manta Core,Epic,Frozen Docks
925,Echo Whale VX,Uncommon,Flooded Metro
926,Plasma Ray Ultra,Rare,Neon Harbor
927,Pulse Tuna Cipher,Common,Toxic Reefs
928,Scarlet Skipper MK-II,Epic,Blackwater Trenches
929,Obsidian Bass MK-II,Epic,Skywater Reservoir
930,Static Eel Pulse,Uncommon,Frozen Docks
931,Lunar Manta Ultra,Common,Blackwater Trenches
932,Titan Kraken Specter,Uncommon,Toxic Reefs
933,Holo Eel Ion,Common,Frozen Docks
934,Void Eel Pulse,Common,Skywater Reservoir
935,Nova Tuna MK-I,Common,Skywater Reservoir
936,Circuit Skipper Nova,Common,Neon Harbor
937,Drift Whale Ultra,Rare,Blackwater Trenches
938,Radiant Jelly Delta,Common,Frozen Docks
939,Turbo Bass Echo,Common,Flooded Metro
940,Holo Koi Ultra,Uncommon,Blackwater Trenches
941,Ghost Snapper Vortex,Epic,Deep Abyss
942,Radiant Manta Omega,Epic,Skywater Reservoir
943,Void Piranha Zero,Uncommon,Neon Harbor
944,Crystal Squid Zero,Epic,Corporate Canals
945,Vapor Piranha MK-I,Legendary,Blackwater Trenches
946,Lunar Koi Delta,Common,Skywater Reservoir
947,Drift Seahorse Ultra,Rare,Neon Harbor
948,Pulse Dragonfish Reactor,Legendary,Neon Harbor
949,Venom Salmon Echo,Legendary,Blackwater Trenches
950,Obsidian Jelly Ion,Common,Flooded Metro
951,Nano Angler Cipher,Legendary,Skywater Reservoir
952,Nova Shark Vortex,Epic,Corporate Canals
953,Quantum Marlin Ultra,Epic,Frozen Docks
954,Echo Marlin Core,Legendary,Flooded Metro
955,Circuit Squid Echo,Epic,Deep Abyss
956,Neon Catfish X,Epic,Skywater Reservoir
957,Nano Angler Omega,Legendary,Frozen Docks
958,Nova Catfish Omega,Epic,Blackwater Trenches
959,Solar Bass Zero,Epic,Skywater Reservoir
960,Storm Minnow Cipher,Uncommon,Corporate Canals
961,Solar Crawler Delta,Epic,Frozen Docks
962,Void Minnow VX,Common,Skywater Reservoir
963,Quantum Crawler Core,Rare,Neon Harbor
964,Glitch Seahorse Cipher,Rare,Neon Harbor
965,Void Stingray Flux,Rare,Frozen Docks
966,Ghost Barracuda Ultra,Common,Flooded Metro
967,Nova Shark Delta,Uncommon,Neon Harbor
968,Titan Seahorse Specter,Epic,Toxic Reefs
969,Turbo Marlin Delta,Rare,Frozen Docks
970,Grim Bass Specter,Legendary,Skywater Reservoir
971,Hydra Squid Ultra,Legendary,Skywater Reservoir
972,Grim Kraken Vortex,Legendary,Blackwater Trenches
973,Cyber Barracuda VX,Common,Frozen Docks
974,Solar Kraken Reactor,Rare,Corporate Canals
975,Turbo Marlin MK-I,Legendary,Toxic Reefs
976,Neon Marlin Ion,Uncommon,Blackwater Trenches
977,Drift Stingray MK-I,Epic,Corporate Canals
978,Titan Catfish Reactor,Epic,Flooded Metro
979,Solar Stingray Pulse,Epic,Blackwater Trenches
980,Echo Bass Reactor,Rare,Blackwater Trenches
981,Turbo Kraken Specter,Legendary,Neon Harbor
982,Drift Angler Nova,Legendary,Frozen Docks
983,Nova Swordfish Flux,Common,Frozen Docks
984,Grim Salmon Zero,Uncommon,Deep Abyss
985,Neon Skipper Ultra,Common,Flooded Metro
986,Grim Crawler Flux,Uncommon,Corporate Canals
987,Turbo Whale Prime,Rare,Corporate Canals
988,Lunar Tuna Protocol,Rare,Neon Harbor
989,Vapor Seahorse Omega,Rare,Flooded Metro
990,Grim Squid Reactor,Common,Frozen Docks
991,Storm Tuna MK-I,Epic,Skywater Reservoir
992,Obsidian Angler Zero,Common,Frozen Docks
993,Drift Perch Reactor,Common,Corporate Canals
994,Crystal Whale Reactor,Legendary,Frozen Docks
995,Turbo Dragonfish X,Rare,Toxic Reefs
996,Venom Angler MK-I,Epic,Toxic Reefs
997,Scarlet Perch Echo,Epic,Skywater Reservoir
998,Quantum Manta MK-I,Rare,Skywater Reservoir
999,Nova Pike MK-I,Common,Deep Abyss
1000,Turbo Perch Reactor,Uncommon,Toxic Reefs
